Model,Penalty,C,Solver,Accuracy,Precision,Recall,F1 Score
Logistic Regression,l2,0.1,liblinear,0.4841269841269841,0.4860557768924303,0.991869918699187,0.6524064171122995
Logistic Regression,l2,0.1,lbfgs,0.7142857142857143,0.7073170731707317,0.7073170731707317,0.7073170731707317
Logistic Regression,l2,1.0,liblinear,0.4841269841269841,0.4860557768924303,0.991869918699187,0.6524064171122995
Logistic Regression,l2,1.0,lbfgs,0.5912698412698413,0.5833333333333334,0.5691056910569106,0.5761316872427984
Logistic Regression,l2,10.0,liblinear,0.4841269841269841,0.4860557768924303,0.991869918699187,0.6524064171122995
Logistic Regression,l2,10.0,lbfgs,0.7341269841269841,0.7333333333333333,0.7154471544715447,0.7242798353909465
Logistic Regression,l2,100.0,liblinear,0.4841269841269841,0.4860557768924303,0.991869918699187,0.6524064171122995
Logistic Regression,l2,100.0,lbfgs,0.5912698412698413,0.5833333333333334,0.5691056910569106,0.5761316872427984
